category	log10qvalue
PIK3CA	6.904317124
ESR1	4.619732846
TP53	1.379902794
KRAS	1.170607318
KMT2C	0