	category	log10qvalue
0	ESR1	10.08216425
1	KMT2C	5.334635272
2	TP53	1.946223787
3	KRAS	1.785821344
4	PIK3CA	1.013784564